id,english,german,article_german,french,article_french,meanings,type,topic
1,evening,Abend,der,soir,le,evening,noun,Time
2,dinner,Abendessen,das,dîner,le,dinner,noun,Food & Drinks
3,department,Abteilung,die,département,le,department,noun,Work & Education
4,address,Adresse,die,adresse,l',address,noun,Communication
5,analysis,Analyse,die,analyse,l',analysis,noun,Work & Education
6,view,Ansicht,die,vue,la,view,noun,Communication
7,effort,Anstrengung,die,effort,l',effort,noun,Work & Education
8,answer,Antwort,die,réponse,la,answer; reply,noun,Communication
9,lawyer,Anwalt,der,avocat,l',lawyer,noun,People & Professions
10,suit,Anzug,der,costume,le,suit,noun,Clothing & Accessories
11,apple,Apfel,der,pomme,la,apple,noun,Food & Drinks
12,apricot,Aprikose,die,abricot,l',apricot,noun,Food & Drinks
13,april,April,der,avril,,april,noun,Time
14,work,Arbeit,die,travail,le,work; job; labor,noun,Work & Education
15,worker,Arbeiter,der,ouvrier,l',worker,noun,People & Professions
16,architect,Architekt,der,architecte,l',architect,noun,People & Professions
17,arm,Arm,der,bras,le,arm,noun,Body & Health
18,army,Armee,die,armée,l',army,noun,Society & Politics
19,doctor,Arzt,der,médecin,le,doctor; physician,noun,People & Professions
20,attention,Aufmerksamkeit,die,attention,l',attention,noun,Work & Education
21,record,Aufzeichnung,die,enregistrement,l',record,noun,Work & Education
22,eye,Auge,das,œil,l',eye,noun,Body & Health
23,august,August,der,août,,august,noun,Time
24,car,Auto,das,voiture,la,car,noun,City & Transport
25,author,Autor,der,auteur,l',author,noun,People & Professions
26,baby,Baby,das,bébé,le,baby,noun,People & Professions
27,bathroom,Badezimmer,das,salle de bain,la,bathroom,noun,Home
28,station,Bahnhof,der,gare,la,station,noun,City & Transport
29,platform,Bahnsteig,der,quai,le,platform,noun,City & Transport
30,banana,Banane,die,banane,la,banana,noun,Food & Drinks
31,bank,Bank,die,banque,la,bank,noun,Work & Education
32,battery,Batterie,die,batterie,la,battery,noun,Technology
33,belly,Bauch,der,ventre,le,belly,noun,Body & Health
34,farmer,Bauer,der,fermier,le,farmer,noun,People & Professions
35,farm,Bauernhof,der,ferme,la,farm,noun,City & Transport
36,tree,Baum,der,arbre,l',tree,noun,Nature & Weather
37,leg,Bein,das,jambe,la,leg,noun,Body & Health
38,example,Beispiel,das,exemple,l',example,noun,Work & Education
39,mountain,Berg,der,montagne,la,mountain,noun,Nature & Weather
40,report,Bericht,der,rapport,le,report,noun,Work & Education
41,meeting,Besprechung,die,réunion,la,meeting; discussion,noun,Work & Education
42,order,Bestellung,die,commande,la,order,noun,Work & Education
43,amount,Betrag,der,montant,le,amount,noun,Work & Education
44,bed,Bett,das,lit,le,bed,noun,Home
45,library,Bibliothek,die,bibliothèque,la,library,noun,City & Transport
46,beer,Bier,das,bière,la,beer,noun,Food & Drinks
47,screen,Bildschirm,der,écran,l',screen,noun,Technology
48,education,Bildung,die,éducation,l',education,noun,Work & Education
49,pear,Birne,die,poire,la,pear,noun,Food & Drinks
50,flower,Blume,die,fleur,la,flower,noun,Nature & Weather
51,blouse,Bluse,die,chemisier,le,blouse,noun,Clothing & Accessories
52,blood,Blut,das,sang,le,blood,noun,Body & Health
53,soil,Boden,der,sol,le,soil,noun,Nature & Weather
54,boat,Boot,das,bateau,le,boat,noun,City & Transport
55,letter,Brief,der,lettre,la,letter (mail),noun,Communication
56,stamp,Briefmarke,die,timbre,le,stamp,noun,Communication
57,glasses,Brille,die,lunettes,les,glasses,noun,Clothing & Accessories
58,bread,Brot,das,pain,le,bread; loaf,noun,Food & Drinks
59,brother,Bruder,der,frère,le,brother,noun,People & Professions
60,chest,Brust,die,poitrine,la,chest,noun,Body & Health
61,bridge,Brücke,die,pont,le,bridge,noun,City & Transport
62,book,Buch,das,livre,le,book,noun,Work & Education
63,bus,Bus,der,bus,le,bus,noun,City & Transport
64,butter,Butter,die,beurre,le,butter,noun,Food & Drinks
65,office,Büro,das,bureau,le,office,noun,Work & Education
66,chance,Chance,die,chance,la,chance,noun,Grammar & Connectors
67,boss,Chef,der,chef,le,boss,noun,Work & Education
68,computer,Computer,der,ordinateur,l',computer; PC,noun,Technology
69,file,Datei,die,fichier,le,file,noun,Technology
70,data,Daten,die,données,les,data,noun,Technology
71,thumb,Daumen,der,pouce,le,thumb,noun,Body & Health
72,ceiling,Decke,die,plafond,le,ceiling,noun,Home
73,design,Design,das,design,le,design,noun,Work & Education
74,German,Deutsch,das,allemand,l',German (language),noun,Work & Education
75,december,Dezember,der,décembre,,december,noun,Time
76,service,Dienst,der,service,le,service,noun,Work & Education
77,tuesday,Dienstag,der,mardi,,tuesday,noun,Time
78,thing,Ding,das,chose,la,thing,noun,Grammar & Connectors
79,discussion,Diskussion,die,discussion,la,discussion,noun,Communication
80,thursday,Donnerstag,der,jeudi,,thursday,noun,Time
81,village,Dorf,das,village,le,village,noun,City & Transport
82,printer,Drucker,der,imprimante,l',printer,noun,Technology
83,email,E-Mail,die,e-mail,l',email; e-mail message,noun,Technology
84,effect,Effekt,der,effet,l',effect,noun,Work & Education
85,ambition,Ehrgeiz,der,ambition,l',ambition,noun,Work & Education
86,egg,Ei,das,œuf,l',egg,noun,Food & Drinks
87,attitude,Einstellung,die,attitude,l',attitude,noun,Work & Education
88,ice,Eis,das,glace,la,ice,noun,Nature & Weather
89,elbow,Ellenbogen,der,coude,le,elbow,noun,Body & Health
90,parent,Elternteil,der,parent,le,parent,noun,People & Professions
91,energy,Energie,die,énergie,l',energy,noun,Technology
92,English,Englisch,,anglais,l',English (language),noun,Work & Education
93,distance,Entfernung,die,distance,la,distance,noun,Nature & Weather
94,decision,Entscheidung,die,décision,la,decision,noun,Work & Education
95,strawberry,Erdbeere,die,fraise,la,strawberry,noun,Food & Drinks
96,earth,Erde,die,terre,la,earth,noun,Nature & Weather
97,experience,Erfahrung,die,expérience,l',experience,noun,Work & Education
98,success,Erfolg,der,succès,le,success,noun,Work & Education
99,result,Ergebnis,das,résultat,le,result,noun,Work & Education
100,memory,Erinnerung,die,souvenir,le,memory,noun,Body & Health
101,food,Essen,das,nourriture,la,food; meal,noun,Food & Drinks
102,vinegar,Essig,der,vinaigre,le,vinegar,noun,Food & Drinks
103,factory,Fabrik,die,usine,l',factory,noun,City & Transport
104,driver,Fahrer,der,conducteur,le,driver,noun,City & Transport
105,bike,Fahrrad,das,vélo,le,bicycle; bike,noun,City & Transport
106,case,Fall,der,cas,le,case,noun,Society & Politics
107,family,Familie,die,famille,la,family; relatives,noun,People & Professions
108,color,Farbe,die,couleur,la,color,noun,Adjectives
109,february,Februar,der,février,,february,noun,Time
110,field,Feld,das,champ,le,field,noun,Nature & Weather
111,rock,Felsen,der,rocher,le,rock,noun,Nature & Weather
112,window,Fenster,das,fenêtre,la,window,noun,Home
113,fire,Feuer,das,feu,le,fire,noun,Nature & Weather
114,finger,Finger,der,doigt,le,finger,noun,Body & Health
115,company,Firma,die,entreprise,l',company,noun,Work & Education
116,fish,Fisch,der,poisson,le,fish,noun,Food & Drinks
117,bottle,Flasche,die,bouteille,la,bottle,noun,Food & Drinks
118,meat,Fleisch,das,viande,la,meat,noun,Food & Drinks
119,flight,Flug,der,vol,le,flight,noun,City & Transport
120,airport,Flughafen,der,aéroport,l',airport,noun,City & Transport
121,river,Fluss,der,rivière,la,river,noun,Nature & Weather
122,photo,Foto,das,photo,la,photo,noun,Technology
123,question,Frage,die,question,la,question,noun,Communication
124,woman,Frau,die,femme,la,woman; wife; Mrs.,noun,People & Professions
125,friday,Freitag,der,vendredi,,friday,noun,Time
126,friend,Freund,der,ami,l',friend; boyfriend,noun,People & Professions
127,friend (female),Freundin,die,amie,l',friend; girlfriend,noun,People & Professions
128,breakfast,Frühstück,das,petit-déjeuner,le,breakfast,noun,Food & Drinks
129,foot,Fuss,der,pied,le,foot,noun,Body & Health
130,floor,Fussboden,der,sol,le,floor,noun,Home
131,fork,Gabel,die,fourchette,la,fork,noun,Food & Drinks
132,garden,Garten,der,jardin,le,garden,noun,Home
133,area,Gebiet,das,zone,la,area,noun,Nature & Weather
134,building,Gebäude,das,bâtiment,le,building,noun,Home
135,danger,Gefahr,die,danger,le,danger,noun,Society & Politics
136,secret,Geheimnis,das,secret,le,secret,noun,Communication
137,brain,Gehirn,das,cerveau,le,brain,noun,Body & Health
138,money,Geld,das,argent,l',money; cash,noun,Work & Education
139,wallet,Geldbörse,die,portefeuille,le,wallet,noun,Clothing & Accessories
140,opportunity,Gelegenheit,die,opportunité,l',opportunity,noun,Work & Education
141,history,Geschichte,die,histoire,l',history,noun,Work & Education
142,store,Geschäft,das,magasin,le,store; shop; business,noun,City & Transport
143,society,Gesellschaft,die,société,la,society,noun,Society & Politics
144,law,Gesetz,das,loi,la,law,noun,Society & Politics
145,habit,Gewohnheit,die,habitude,l',habit,noun,Work & Education
146,glass,Glas,das,verre,le,glass,noun,Food & Drinks
147,reason,Grund,der,raison,la,reason,noun,Grammar & Connectors
148,group,Gruppe,die,groupe,le,group,noun,People & Professions
149,cucumber,Gurke,die,concombre,le,cucumber,noun,Food & Drinks
150,belt,Gürtel,der,ceinture,la,belt,noun,Clothing & Accessories
151,hair,Haar,das,cheveux,les,hair,noun,Body & Health
152,neck,Hals,der,cou,le,neck,noun,Body & Health
153,necklace,Halskette,die,collier,le,necklace,noun,Clothing & Accessories
154,hand,Hand,die,main,la,hand,noun,Body & Health
155,gloves,Handschuhe,die,gants,les,gloves,noun,Clothing & Accessories
156,phone,Handy,das,téléphone,le,phone; mobile,noun,Technology
157,capital,Hauptstadt,die,capitale,la,capital,noun,City & Transport
158,house,Haus,das,maison,la,house; home (building),noun,Home
159,skin,Haut,die,peau,la,skin,noun,Body & Health
160,shirt,Hemd,das,chemise,la,shirt,noun,Clothing & Accessories
161,heart,Herz,das,cœur,le,heart,noun,Body & Health
162,help,Hilfe,die,aide,l',help; assistance,noun,Communication
163,sky,Himmel,der,ciel,le,sky,noun,Nature & Weather
164,honey,Honig,der,miel,le,honey,noun,Food & Drinks
165,pants,Hose,die,pantalon,le,pants,noun,Clothing & Accessories
166,hotel,Hotel,das,hôtel,l',hotel,noun,City & Transport
167,dog,Hund,der,chien,le,dog,noun,Nature & Weather
168,hat,Hut,der,chapeau,le,hat,noun,Clothing & Accessories
169,chicken,Hähnchen,das,poulet,le,chicken,noun,Food & Drinks
170,idea,Idee,die,idée,l',idea,noun,Communication
171,industry,Industrie,die,industrie,l',industry,noun,Work & Education
172,information,Information,die,information,l',information,noun,Communication
173,engineer,Ingenieur,der,ingénieur,l',engineer,noun,People & Professions
174,island,Insel,die,île,l',island,noun,Nature & Weather
175,interest,Interesse,das,intérêt,l',interest,noun,Work & Education
176,internet,Internet,das,internet,l',internet,noun,Technology
177,jacket,Jacke,die,veste,la,jacket,noun,Clothing & Accessories
178,year,Jahr,das,année,l',year,noun,Time
179,january,Januar,der,janvier,,january,noun,Time
180,jeans,Jeans,die,jean,le,jeans,noun,Clothing & Accessories
181,job,Job,der,emploi,l',job; part-time job,noun,Work & Education
182,journalist,Journalist,der,journaliste,le,journalist,noun,People & Professions
183,july,Juli,der,juillet,,july,noun,Time
184,boy,Junge,der,garçon,le,boy,noun,People & Professions
185,june,Juni,der,juin,,june,noun,Time
186,coffee,Kaffee,der,café,le,coffee,noun,Food & Drinks
187,camera,Kamera,die,appareil photo,l',camera,noun,Technology
188,hoodie,Kapuzensweatshirt,das,sweat à capuche,le,hoodie,noun,Clothing & Accessories
189,carrot,Karotte,die,carotte,la,carrot,noun,Food & Drinks
190,map,Karte,die,carte,la,map,noun,City & Transport
191,potato,Kartoffel,die,pomme de terre,la,potato,noun,Food & Drinks
192,cat,Katze,die,chat,le,cat,noun,Nature & Weather
193,cookie,Keks,der,biscuit,le,cookie,noun,Food & Drinks
194,waiter,Kellner,der,serveur,le,waiter,noun,People & Professions
195,child,Kind,das,enfant,l',child; kid,noun,People & Professions
196,church,Kirche,die,église,l',church,noun,City & Transport
197,cherry,Kirsche,die,cerise,la,cherry,noun,Food & Drinks
198,pillow,Kissen,das,oreiller,l',pillow,noun,Home
199,box,Kiste,die,boîte,la,box,noun,Home
200,class,Klasse,die,classe,la,class,noun,Work & Education
201,dress,Kleid,das,robe,la,dress,noun,Clothing & Accessories
202,clothes,Kleidung,die,vêtements,les,clothes,noun,Clothing & Accessories
203,climate,Klima,das,climat,le,climate,noun,Nature & Weather
204,knee,Knie,das,genou,le,knee,noun,Body & Health
205,garlic,Knoblauch,der,ail,l',garlic,noun,Food & Drinks
206,bone,Knochen,der,os,l',bone,noun,Body & Health
207,chef,Koch,der,cuisinier,le,chef,noun,People & Professions
208,compass,Kompass,der,boussole,la,compass,noun,City & Transport
209,account,Konto,das,compte,le,account,noun,Technology
210,control,Kontrolle,die,contrôle,le,control,noun,Work & Education
211,head,Kopf,der,tête,la,head,noun,Body & Health
212,copy,Kopie,die,copie,la,copy,noun,Communication
213,hospital,Krankenhaus,das,hôpital,l',hospital,noun,Body & Health
214,nurse,Krankenschwester,die,infirmière,l',nurse,noun,People & Professions
215,disease,Krankheit,die,maladie,la,disease,noun,Body & Health
216,war,Krieg,der,guerre,la,war,noun,Society & Politics
217,cake,Kuchen,der,gâteau,le,cake,noun,Food & Drinks
218,pen,Kugelschreiber,der,stylo,le,pen,noun,Work & Education
219,culture,Kultur,die,culture,la,culture,noun,Work & Education
220,customer,Kunde,der,client,le,customer,noun,Work & Education
221,course,Kurs,der,cours,le,course,noun,Work & Education
222,cheese,Käse,der,fromage,le,cheese,noun,Food & Drinks
223,kitchen,Küche,die,cuisine,la,kitchen,noun,Home
224,artist,Künstler,der,artiste,l',artist,noun,People & Professions
225,charger,Ladegerät,das,chargeur,le,charger,noun,Technology
226,lamp,Lampe,die,lampe,la,lamp,noun,Home
227,country,Land,das,pays,le,country,noun,City & Transport
228,teacher,Lehrer,der,professeur,le,teacher,noun,People & Professions
229,performance,Leistung,die,performance,la,performance,noun,Work & Education
230,spoon,Löffel,der,cuillère,la,spoon,noun,Food & Drinks
231,solution,Lösung,die,solution,la,solution,noun,Work & Education
232,power,Macht,die,pouvoir,le,power,noun,Society & Politics
233,stomach,Magen,der,estomac,l',stomach,noun,Body & Health
234,may,Mai,der,mai,,may,noun,Time
235,manager,Manager,der,manager,le,manager,noun,People & Professions
236,man,Mann,der,homme,l',man; husband,noun,People & Professions
237,coat,Mantel,der,manteau,le,coat,noun,Clothing & Accessories
238,market,Markt,der,marché,le,market,noun,City & Transport
239,machine,Maschine,die,machine,la,machine,noun,Technology
240,material,Material,das,matériau,le,material,noun,Work & Education
241,mouse,Maus,die,souris,la,mouse,noun,Technology
242,medicine,Medizin,die,médecine,la,medicine,noun,Body & Health
243,sea,Meer,das,mer,la,sea,noun,Nature & Weather
244,opinion,Meinung,die,opinion,l',opinion,noun,Communication
245,melon,Melone,die,melon,le,melon,noun,Food & Drinks
246,people,Menschen,die,gens,les,people,noun,People & Professions
247,knife,Messer,das,couteau,le,knife,noun,Food & Drinks
248,milk,Milch,die,lait,le,milk,noun,Food & Drinks
249,lunch,Mittagessen,das,déjeuner,le,lunch,noun,Food & Drinks
250,wednesday,Mittwoch,der,mercredi,,wednesday,noun,Time
251,moment,Moment,der,moment,le,moment,noun,Time
252,month,Monat,der,mois,le,month,noun,Time
253,moon,Mond,der,lune,la,moon,noun,Nature & Weather
254,monday,Montag,der,lundi,,monday,noun,Time
255,morning,Morgen,der,matin,le,morning; tomorrow (as noun),noun,Time
256,mouth,Mund,der,bouche,la,mouth,noun,Body & Health
257,music,Musik,die,musique,la,music,noun,Work & Education
258,musician,Musiker,der,musicien,le,musician,noun,People & Professions
259,mother,Mutter,die,mère,la,mother,noun,People & Professions
260,march,März,der,mars,,march,noun,Time
261,cap,Mütze,die,casquette,la,cap,noun,Clothing & Accessories
262,message,Nachricht,die,message,le,message; news,noun,Communication
263,news,Nachrichten,die,nouvelles,les,news,noun,Work & Education
264,night,Nacht,die,nuit,la,night,noun,Time
265,name,Name,der,nom,le,name,noun,Communication
266,nose,Nase,die,nez,le,nose,noun,Body & Health
267,nature,Natur,die,nature,la,nature,noun,Nature & Weather
268,fog,Nebel,der,brouillard,le,fog,noun,Nature & Weather
269,level,Niveau,das,niveau,le,level,noun,Work & Education
270,november,November,der,novembre,,november,noun,Time
271,pasta,Nudeln,die,pâtes,les,pasta,noun,Food & Drinks
272,ear,Ohr,das,oreille,l',ear,noun,Body & Health
273,earring,Ohrring,der,boucle d'oreille,la,earring,noun,Clothing & Accessories
274,october,Oktober,der,octobre,,october,noun,Time
275,operation,Operation,die,opération,l',operation,noun,Body & Health
276,folder,Ordner,der,dossier,le,folder,noun,Home
277,organization,Organisation,die,organisation,l',organization,noun,Work & Education
278,ocean,Ozean,der,océan,l',ocean,noun,Nature & Weather
279,package,Paket,das,colis,le,package,noun,City & Transport
280,paper,Papier,das,papier,le,paper,noun,Work & Education
281,park,Park,der,parc,le,park,noun,City & Transport
282,partner,Partner,der,partenaire,le,partner,noun,People & Professions
283,party,Party,die,fête,la,party,noun,People & Professions
284,password,Passwort,das,mot de passe,le,password,noun,Technology
285,person,Person,die,personne,la,person; individual,noun,People & Professions
286,pan,Pfanne,die,poêle,la,pan,noun,Food & Drinks
287,pepper,Pfeffer,der,poivre,le,pepper,noun,Food & Drinks
288,peach,Pfirsich,der,pêche,la,peach,noun,Food & Drinks
289,plant,Pflanze,die,plante,la,plant,noun,Nature & Weather
290,plum,Pflaume,die,prune,la,plum,noun,Food & Drinks
291,pilot,Pilot,der,pilote,le,pilot,noun,People & Professions
292,police,Polizei,die,police,la,police,noun,Society & Politics
293,position,Position,die,position,la,position,noun,Work & Education
294,price,Preis,der,prix,le,price; award,noun,Work & Education
295,problem,Problem,das,problème,le,problem; issue,noun,Work & Education
296,product,Produkt,das,produit,le,product,noun,Work & Education
297,project,Projekt,das,projet,le,project,noun,Work & Education
298,process,Prozess,der,processus,le,process,noun,Work & Education
299,sweater,Pullover,der,pull,le,sweater,noun,Clothing & Accessories
300,space,Raum,der,espace,l',space,noun,Nature & Weather
301,bill,Rechnung,die,facture,la,bill,noun,Work & Education
302,rule,Regel,die,règle,la,rule,noun,Society & Politics
303,rain,Regen,der,pluie,la,rain,noun,Nature & Weather
304,umbrella,Regenschirm,der,parapluie,le,umbrella,noun,Nature & Weather
305,government,Regierung,die,gouvernement,le,government,noun,Society & Politics
306,rice,Reis,der,riz,le,rice,noun,Food & Drinks
307,journey,Reise,die,voyage,le,journey,noun,City & Transport
308,restaurant,Restaurant,das,restaurant,le,restaurant,noun,City & Transport
309,judge,Richter,der,juge,le,judge,noun,People & Professions
310,direction,Richtung,die,direction,la,direction,noun,City & Transport
311,beef,Rindfleisch,das,bœuf,le,beef,noun,Food & Drinks
312,ring,Ring,der,bague,la,ring,noun,Clothing & Accessories
313,skirt,Rock,der,jupe,la,skirt,noun,Clothing & Accessories
314,backpack,Rucksack,der,sac à dos,le,backpack,noun,Clothing & Accessories
315,back,Rücken,der,dos,le,back,noun,Body & Health
316,salad,Salat,der,salade,la,salad,noun,Food & Drinks
317,salt,Salz,das,sel,le,salt,noun,Food & Drinks
318,saturday,Samstag,der,samedi,,saturday,noun,Time
319,sand,Sand,der,sable,le,sand,noun,Nature & Weather
320,damage,Schaden,der,dommage,le,damage,noun,Society & Politics
321,scarf,Schal,der,écharpe,l',scarf,noun,Clothing & Accessories
322,actor,Schauspieler,der,acteur,l',actor,noun,People & Professions
323,battle,Schlacht,die,bataille,la,battle,noun,Society & Politics
324,bedroom,Schlafzimmer,das,chambre,la,bedroom,noun,Home
325,key,Schlüssel,der,clé,la,key; wrench,noun,Home
326,snow,Schnee,der,neige,la,snow,noun,Nature & Weather
327,desk,Schreibtisch,der,bureau,le,desk,noun,Home
328,writer,Schriftsteller,der,écrivain,l',writer,noun,People & Professions
329,shoes,Schuhe,die,chaussures,les,shoes,noun,Clothing & Accessories
330,school,Schule,die,école,l',school,noun,Work & Education
331,shoulder,Schulter,die,épaule,l',shoulder,noun,Body & Health
332,pork,Schweinefleisch,das,porc,le,pork,noun,Food & Drinks
333,sister,Schwester,die,sœur,la,sister,noun,People & Professions
334,student,Schüler,der,élève,l',student,noun,People & Professions
335,lake,See,der,lac,le,lake,noun,Nature & Weather
336,side,Seite,die,côté,le,side,noun,Grammar & Connectors
337,september,September,der,septembre,,september,noun,Time
338,shorts,Shorts,die,short,le,shorts,noun,Clothing & Accessories
339,safety,Sicherheit,die,sécurité,la,safety,noun,Society & Politics
340,situation,Situation,die,situation,la,situation,noun,Work & Education
341,socks,Socken,die,chaussettes,les,socks,noun,Clothing & Accessories
342,soldier,Soldat,der,soldat,le,soldier,noun,People & Professions
343,sun,Sonne,die,soleil,le,sun,noun,Nature & Weather
344,sunday,Sonntag,der,dimanche,,sunday,noun,Time
345,mirror,Spiegel,der,miroir,le,mirror,noun,Home
346,player,Spieler,der,joueur,le,player,noun,Work & Education
347,sport,Sport,der,sport,le,sport,noun,Work & Education
348,language,Sprache,die,langue,la,language; speech,noun,Work & Education
349,city,Stadt,die,ville,la,city; town,noun,City & Transport
350,stone,Stein,der,pierre,la,stone,noun,Nature & Weather
351,star,Stern,der,étoile,l',star,noun,Nature & Weather
352,boots,Stiefel,die,bottes,les,boots,noun,Clothing & Accessories
353,pen,Stift,der,stylo,le,pen; pencil,noun,Work & Education
354,voice,Stimme,die,voix,la,voice,noun,Communication
355,beach,Strand,der,plage,la,beach,noun,Nature & Weather
356,street,Strasse,die,rue,la,street,noun,City & Transport
358,argument,Streit,der,dispute,la,argument,noun,Communication
359,chair,Stuhl,der,chaise,la,chair,noun,Home
360,storm,Sturm,der,tempête,la,storm,noun,Nature & Weather
361,soup,Suppe,die,soupe,la,soup,noun,Food & Drinks
362,system,System,das,système,le,system,noun,Technology
363,t-shirt,T-Shirt,das,t-shirt,le,t-shirt,noun,Clothing & Accessories
364,board,Tafel,die,tableau,le,board,noun,Home
365,day,Tag,der,jour,le,day,noun,Time
366,valley,Tal,das,vallée,la,valley,noun,Nature & Weather
367,bag,Tasche,die,sac,le,bag,noun,Clothing & Accessories
368,cup,Tasse,die,tasse,la,cup,noun,Food & Drinks
369,keyboard,Tastatur,die,clavier,le,keyboard,noun,Technology
370,team,Team,das,équipe,l',team,noun,Work & Education
371,tea,Tee,der,thé,le,tea,noun,Food & Drinks
372,phone,Telefon,der,téléphone,le,phone,noun,Technology
373,plate,Teller,der,assiette,l',plate,noun,Food & Drinks
374,temperature,Temperatur,die,température,la,temperature,noun,Nature & Weather
375,appointment,Termin,der,rendez-vous,le,appointment; date,noun,Time
376,ticket,Ticket,das,billet,le,ticket; pass,noun,City & Transport
377,animal,Tier,das,animal,l',animal,noun,Nature & Weather
378,table,Tisch,der,table,la,table; desk,noun,Home
379,tomato,Tomate,die,tomate,la,tomato,noun,Food & Drinks
380,pot,Topf,der,casserole,la,pot,noun,Food & Drinks
381,pie,Torte,die,tarte,la,pie,noun,Food & Drinks
382,grape,Traube,die,raisin,le,grape,noun,Food & Drinks
383,dream,Traum,der,rêve,le,dream,noun,Body & Health
384,door,Tür,die,porte,la,door,noun,Home
385,watch,Uhr,die,montre,la,watch,noun,Clothing & Accessories
386,environment,Umwelt,die,environnement,l',environment,noun,Nature & Weather
387,accident,Unfall,der,accident,l',accident,noun,Body & Health
388,university,Universität,die,université,l',university; college,noun,Work & Education
389,cause,Ursache,die,cause,la,cause,noun,Society & Politics
390,father,Vater,der,père,le,father,noun,People & Professions
391,crime,Verbrechen,das,crime,le,crime,noun,Society & Politics
392,agreement,Vereinbarung,die,accord,l',agreement,noun,Work & Education
393,bird,Vogel,der,oiseau,l',bird,noun,Nature & Weather
394,benefit,Vorteil,der,avantage,l',benefit,noun,Work & Education
395,growth,Wachstum,das,croissance,la,growth,noun,Work & Education
396,choice,Wahl,die,choix,le,choice,noun,Work & Education
397,truth,Wahrheit,die,vérité,la,truth,noun,Communication
398,forest,Wald,der,forêt,la,forest,noun,Nature & Weather
399,wall,Wand,die,mur,le,wall,noun,Home
400,water,Wasser,das,eau,l',water,noun,Food & Drinks
401,watermelon,Wassermelone,die,pastèque,la,watermelon,noun,Food & Drinks
402,website,Webseite,die,site web,le,website,noun,Technology
403,wine,Wein,der,vin,le,wine,noun,Food & Drinks
404,world,Welt,die,monde,le,world,noun,Nature & Weather
405,value,Wert,der,valeur,la,value,noun,Work & Education
406,weather,Wetter,das,météo,la,weather,noun,Nature & Weather
407,wind,Wind,der,vent,le,wind,noun,Nature & Weather
408,science,Wissenschaft,die,science,la,science,noun,Work & Education
409,week,Woche,die,semaine,la,week,noun,Time
410,apartment,Wohnung,die,appartement,l',apartment; flat,noun,Home
411,cloud,Wolke,die,nuage,le,cloud,noun,Nature & Weather
412,word,Wort,das,mot,le,word,noun,Communication
413,sausage,Wurst,die,saucisse,la,sausage,noun,Food & Drinks
414,payment,Zahlung,die,paiement,le,payment,noun,Work & Education
415,tooth,Zahn,der,dent,la,tooth,noun,Body & Health
416,crosswalk,Zebrastreifen,der,passage piéton,le,crosswalk,noun,City & Transport
417,toe,Zeh,der,orteil,l',toe,noun,Body & Health
418,time,Zeit,die,temps,le,time,noun,Time
419,magazine,Zeitschrift,die,magazine,le,magazine,noun,Home
420,newspaper,Zeitung,die,journal,le,newspaper,noun,Home
421,goal,Ziel,das,objectif,l',goal,noun,Work & Education
422,room,Zimmer,das,pièce,la,room,noun,Home
423,lemon,Zitrone,die,citron,le,lemon,noun,Food & Drinks
424,sugar,Zucker,der,sucre,le,sugar,noun,Food & Drinks
425,train,Zug,der,train,le,train,noun,City & Transport
426,tongue,Zunge,die,langue,la,tongue,noun,Body & Health
427,purpose,Zweck,der,but,le,purpose,noun,Work & Education
428,onion,Zwiebel,die,oignon,l',onion,noun,Food & Drinks
429,doctor (female),Ärztin,die,médecin,le,doctor; physician,noun,People & Professions
430,oil,Öl,das,huile,l',oil,noun,Food & Drinks
431,cancel,abbrechen,,annuler,,cancel,verb,Everyday Verbs
432,accept,akzeptieren,,accepter,,accept,verb,Everyday Verbs
433,arrive,ankommen,,arriver,,arrive,verb,Everyday Verbs
434,call,anrufen,,appeler,,call,verb,Communication
435,to answer,antworten,,répondre,,answer; reply,verb,Everyday Verbs
436,to work,arbeiten,,travailler,,work,verb,Everyday Verbs
437,wake,aufwachen,,se réveiller,,wake,verb,Everyday Verbs
438,build,bauen,,construire,,build,verb,Everyday Verbs
439,cover,bedecken,,couvrir,,cover,verb,Everyday Verbs
440,finish,beenden,,finir,,finish,verb,Everyday Verbs
441,begin,beginnen,,commencer,,begin,verb,Everyday Verbs
442,keep,behalten,,garder,,keep,verb,Everyday Verbs
443,get,bekommen,,obtenir,,get,verb,Everyday Verbs
444,use,benutzen,,utiliser,,use,verb,Everyday Verbs
445,describe,beschreiben,,décrire,,describe,verb,Communication
446,visit,besuchen,,visiter,,visit,verb,Everyday Verbs
447,enter,betreten,,entrer,,enter,verb,Everyday Verbs
448,move,bewegen,,bouger,,move,verb,Everyday Verbs
449,to pay,bezahlen,,payer,,pay,verb,Everyday Verbs
450,stay,bleiben,,rester,,stay,verb,Everyday Verbs
451,to need,brauchen,,avoir besoin,,need; require,verb,Everyday Verbs
452,break,brechen,,casser,,break,verb,Everyday Verbs
453,bring,bringen,,apporter,,bring,verb,Everyday Verbs
454,think,denken,,penser,,think,verb,Everyday Verbs
455,invite,einladen,,inviter,,invite,verb,Communication
456,discover,entdecken,,découvrir,,discover,verb,Everyday Verbs
457,decide,entscheiden,,décider,,decide,verb,Everyday Verbs
458,receive,erhalten,,recevoir,,receive,verb,Everyday Verbs
459,remember,erinnern,,se souvenir,,remember,verb,Everyday Verbs
460,explain,erklären,,expliquer,,explain,verb,Communication
461,allow,erlauben,,permettre,,allow,verb,Everyday Verbs
462,tell,erzählen,,raconter,,tell,verb,Communication
463,to eat,essen,,manger,,eat,verb,Food & Drinks
464,drive,fahren,,conduire,,drive,verb,Everyday Verbs
465,find,finden,,trouver,,find,verb,Everyday Verbs
466,fly,fliegen,,voler,,fly,verb,Everyday Verbs
467,continue,fortsetzen,,continuer,,continue,verb,Everyday Verbs
468,to ask,fragen,,demander,,ask; inquire,verb,Everyday Verbs
469,feel,fühlen,,ressentir,,feel,verb,Everyday Verbs
470,give,geben,,donner,,give,verb,Everyday Verbs
471,to go,gehen,,aller,,go; walk,verb,Everyday Verbs
472,win,gewinnen,,gagner,,win,verb,Everyday Verbs
473,believe,glauben,,croire,,believe,verb,Everyday Verbs
474,to have,haben,,avoir,,have; possess,verb,Everyday Verbs
475,hate,hassen,,détester,,hate,verb,Everyday Verbs
476,to help,helfen,,aider,,help; assist,verb,Everyday Verbs
477,add,hinzufügen,,ajouter,,add,verb,Everyday Verbs
478,hope,hoffen,,espérer,,hope,verb,Everyday Verbs
479,to hear,hören,,entendre,,hear; listen,verb,Everyday Verbs
480,to buy,kaufen,,acheter,,buy; purchase,verb,Everyday Verbs
481,cook,kochen,,cuisiner,,cook,verb,Food & Drinks
482,to come,kommen,,venir,,come,verb,Everyday Verbs
483,cost,kosten,,coûter,,cost,verb,Work & Education
484,laugh,lachen,,rire,,laugh,verb,Everyday Verbs
485,live,leben,,vivre,,live,verb,Everyday Verbs
486,teach,lehren,,enseigner,,teach,verb,Everyday Verbs
487,borrow,leihen,,emprunter,,borrow,verb,Everyday Verbs
488,to learn,lernen,,apprendre,,learn; study,verb,Everyday Verbs
489,to read,lesen,,lire,,read,verb,Everyday Verbs
490,to love,lieben,,aimer,,love,verb,Everyday Verbs
491,smile,lächeln,,sourire,,smile,verb,Everyday Verbs
492,to do,machen,,faire,,do; make,verb,Everyday Verbs
493,to like,mögen,,aimer bien,,like,verb,Everyday Verbs
494,take,nehmen,,prendre,,take,verb,Everyday Verbs
495,organize,organisieren,,organiser,,organize,verb,Everyday Verbs
496,plan,planen,,planifier,,plan,verb,Everyday Verbs
497,talk,reden,,parler,,talk,verb,Communication
498,clean,reinigen,,nettoyer,,clean,verb,Everyday Verbs
499,travel,reisen,,voyager,,travel,verb,Everyday Verbs
500,ride,reiten,,monter,,ride,verb,Everyday Verbs
501,run,rennen,,courir,,run,verb,Everyday Verbs
502,repair,reparieren,,réparer,,repair,verb,Everyday Verbs
503,to say,sagen,,dire,,say; tell,verb,Everyday Verbs
504,look,schauen,,regarder,,look,verb,Everyday Verbs
505,sleep,schlafen,,dormir,,sleep,verb,Everyday Verbs
506,close,schliessen,,fermer,,close,verb,Everyday Verbs
507,cut,schneiden,,couper,,cut,verb,Everyday Verbs
508,to write,schreiben,,écrire,,write,verb,Everyday Verbs
509,swim,schwimmen,,nager,,swim,verb,Everyday Verbs
510,to see,sehen,,voir,,see; watch,verb,Everyday Verbs
511,to be,sein,,être,,be; exist,verb,Everyday Verbs
512,send,senden,,envoyer,,send,verb,Communication
513,sit,sitzen,,s'asseoir,,sit,verb,Everyday Verbs
514,play,spielen,,jouer,,play,verb,Everyday Verbs
515,to speak,sprechen,,parler,,speak; talk,verb,Everyday Verbs
516,start,starten,,commencer,,start,verb,Everyday Verbs
517,stand,stehen,,se lever,,stand,verb,Everyday Verbs
518,die,sterben,,mourir,,die,verb,Everyday Verbs
519,stop,stoppen,,arrêter,,stop,verb,Everyday Verbs
520,to study,studieren,,étudier,,study (at university),verb,Everyday Verbs
521,dance,tanzen,,danser,,dance,verb,Everyday Verbs
522,meet,treffen,,rencontrer,,meet,verb,Everyday Verbs
523,to drink,trinken,,boire,,drink,verb,Food & Drinks
524,do,tun,,faire,,do,verb,Everyday Verbs
525,support,unterstützen,,soutenir,,support,verb,Everyday Verbs
526,forget,vergessen,,oublier,,forget,verb,Everyday Verbs
527,sell,verkaufen,,vendre,,sell,verb,Everyday Verbs
528,leave,verlassen,,partir,,leave,verb,Everyday Verbs
529,lend,verleihen,,prêter,,lend,verb,Everyday Verbs
530,lose,verlieren,,perdre,,lose,verb,Everyday Verbs
531,promise,versprechen,,promettre,,promise,verb,Communication
532,try,versuchen,,essayer,,try,verb,Everyday Verbs
533,grow,wachsen,,grandir,,grow,verb,Everyday Verbs
534,wait,warten,,attendre,,wait,verb,Everyday Verbs
535,wash,waschen,,laver,,wash,verb,Everyday Verbs
536,cry,weinen,,pleurer,,cry,verb,Everyday Verbs
537,become,werden,,devenir,,become,verb,Everyday Verbs
538,disagree,widersprechen,,ne pas être d'accord,,disagree,verb,Communication
539,know,wissen,,savoir,,know,verb,Everyday Verbs
540,to want,wollen,,vouloir,,want,verb,Everyday Verbs
541,choose,wählen,,choisir,,choose,verb,Everyday Verbs
542,draw,zeichnen,,dessiner,,draw,verb,Everyday Verbs
543,show,zeigen,,montrer,,show,verb,Communication
544,listen,zuhören,,écouter,,listen,verb,Communication
545,return,zurückkehren,,retourner,,return,verb,Everyday Verbs
546,agree,zustimmen,,être d'accord,,agree,verb,Communication
547,change,ändern,,changer,,change,verb,Everyday Verbs
548,to open,öffnen,,ouvrir,,open,verb,Everyday Verbs
549,old,alt,,vieux,,old,adj,Adjectives
550,easy,einfach,,facile,,easy; simple,adj,Adjectives
551,happy,glücklich,,heureux,,happy,adj,Adjectives
552,big,groß,,grand,,big; large,adj,Adjectives
553,good,gut,,bon,,good; well,adj,Adjectives
554,hot,heiß,,chaud,,hot,adj,Adjectives
555,cold,kalt,,froid,,cold,adj,Adjectives
556,small,klein,,petit,,small; little,adj,Adjectives
557,new,neu,,nouveau,,new,adj,Adjectives
558,bad,schlecht,,mauvais,,bad; poor,adj,Adjectives
559,difficult,schwierig,,difficile,,difficult; hard,adj,Adjectives
560,sad,traurig,,triste,,sad,adj,Adjectives
561,zero,null,,zéro,,zero,numeral,Numbers
562,but,aber,,mais,,but,conjunction,Grammar & Connectors
563,eight,acht,,huit,,eight,numeral,Numbers
564,eighteen,achtzehn,,dix-huit,,eighteen,numeral,Numbers
565,eighty,achtzig,,quatre-vingts,,eighty,numeral,Numbers
566,than,als,,que,,than,conjunction,Grammar & Connectors
567,most,am meisten,,le plus,,most,adverb,Grammar & Connectors
568,different,anders,,différent,,different,adjective,Adjectives
569,poor,arm,,pauvre,,poor,adjective,Adjectives
570,on,auf,,sur,,on,preposition,Grammar & Connectors
571,soon,bald,,bientôt,,soon,adverb,Time
572,at,bei,,à,,at,preposition,Grammar & Connectors
573,popular,beliebt,,populaire,,popular,adjective,Adjectives
574,famous,berühmt,,célèbre,,famous,adjective,Adjectives
575,busy,beschäftigt,,occupé,,busy,adjective,Adjectives
576,better,besser,,meilleur,,better,adjective,Adjectives
577,best,beste,,le meilleur,,best,adjective,Adjectives
578,cheap,billig,,bon marché,,cheap,adjective,Adjectives
579,blue,blau,,bleu,,blue,adjective,Adjectives
580,brown,braun,,marron,,brown,adjective,Adjectives
581,that,das,,ce,,that,pronoun,Grammar & Connectors
582,your,dein,,ton/votre,,your,pronoun,Grammar & Connectors
583,fat,dick,,gros,,fat,adjective,Adjectives
584,this,dies,,ce/cet,,this,pronoun,Grammar & Connectors
585,these,diese,,ces,,these,pronoun,Grammar & Connectors
586,there,dort,,là,,there,adverb,Grammar & Connectors
587,three,drei,,trois,,three,numeral,Numbers
588,thirty,dreissig,,trente,,thirty,numeral,Numbers
589,thirteen,dreizehn,,treize,,thirteen,numeral,Numbers
590,you,du,,tu/vous,,you,pronoun,Grammar & Connectors
591,dark,dunkel,,sombre,,dark,adjective,Adjectives
592,through,durch,,à travers,,through,preposition,Grammar & Connectors
593,one,eins,,un,,one,numeral,Numbers
594,eleven,elf,,onze,,eleven,numeral,Numbers
595,he,er,,il,,he,pronoun,Grammar & Connectors
596,it,es,,il/elle,,it,pronoun,Grammar & Connectors
597,lazy,faul,,paresseux,,lazy,adjective,Adjectives
598,free,frei,,libre,,free,adjective,Adjectives
599,friendly,freundlich,,aimable,,friendly,adjective,Adjectives
600,fresh,frisch,,frais,,fresh,adjective,Adjectives
601,early,früh,,tôt,,early,adjective,Time
602,able,fähig,,capable,,able,adjective,Adjectives
603,five,fünf,,cinq,,five,numeral,Numbers
604,fifteen,fünfzehn,,quinze,,fifteen,numeral,Numbers
605,fifty,fünfzig,,cinquante,,fifty,numeral,Numbers
606,for,für,,pour,,for,preposition,Grammar & Connectors
607,against,gegen,,contre,,against,preposition,Grammar & Connectors
608,yellow,gelb,,jaune,,yellow,adjective,Adjectives
609,yesterday,gestern,,hier,,yesterday,adverb,Time
610,healthy,gesund,,en bonne santé,,healthy,adjective,Adjectives
611,gold,golden,,doré,,gold,adjective,Adjectives
612,gray,grau,,gris,,gray,adjective,Adjectives
613,great,grossartig,,super,,great,adjective,Adjectives
614,green,grün,,vert,,green,adjective,Adjectives
615,hard,hart,,dur,,hard,adjective,Adjectives
616,bright,hell,,brillant,,bright,adjective,Adjectives
617,today,heute,,aujourd'hui,,today,adverb,Time
618,here,hier,,ici,,here,adverb,Grammar & Connectors
619,behind,hinter,,derrière,,behind,preposition,Grammar & Connectors
620,high,hoch,,haut,,high,adjective,Adjectives
621,hundred,hundert,,cent,,hundred,numeral,Numbers
622,ugly,hässlich,,laid,,ugly,adjective,Adjectives
623,I,ich,,je,,I,pronoun,Grammar & Connectors
624,him,ihn,,lui,,him,pronoun,Grammar & Connectors
625,their,ihr,,leur,,their,pronoun,Grammar & Connectors
626,in,in,,dans,,in,preposition,Grammar & Connectors
627,interesting,interessant,,intéressant,,interesting,adjective,Adjectives
628,those,jene,,ceux,,those,pronoun,Grammar & Connectors
629,now,jetzt,,maintenant,,now,adverb,Time
630,young,jung,,jeune,,young,adjective,Adjectives
631,sick,krank,,malade,,sick,adjective,Adjectives
632,short,kurz,,court,,short,adjective,Adjectives
633,long,lang,,long,,long,adjective,Adjectives
634,slowly,langsam,,lentement,,slowly,adverb,Grammar & Connectors
635,slow,langsam,,lent,,slow,adjective,Adjectives
636,loud,laut,,bruyant,,loud,adjective,Adjectives
637,empty,leer,,vide,,empty,adjective,Adjectives
638,light,leicht,,léger,,light,adjective,Adjectives
639,quiet,leise,,calme,,quiet,adjective,Adjectives
640,purple,lila,,violet,,purple,adjective,Adjectives
641,more,mehr,,plus,,more,adverb,Grammar & Connectors
642,my,mein,,mon/ma,,my,pronoun,Grammar & Connectors
643,me,mich,,moi,,me,pronoun,Grammar & Connectors
644,with,mit,,avec,,with,preposition,Grammar & Connectors
645,modern,modern,,moderne,,modern,adjective,Adjectives
646,tomorrow,morgen,,demain,,tomorrow,adverb,Time
647,tired,müde,,fatigué,,tired,adjective,Adjectives
648,after,nach,,après,,after,preposition,Grammar & Connectors
649,wet,nass,,mouillé,,wet,adjective,Adjectives
650,nice,nett,,sympa,,nice,adjective,Adjectives
651,nine,neun,,neuf,,nine,numeral,Numbers
652,nineteen,neunzehn,,dix-neuf,,nineteen,numeral,Numbers
653,ninety,neunzig,,quatre-vingt-dix,,ninety,numeral,Numbers
654,still,noch,,encore,,still,adverb,Time
655,although,obwohl,,bien que,,although,conjunction,Grammar & Connectors
656,or,oder,,ou,,or,conjunction,Grammar & Connectors
657,without,ohne,,sans,,without,preposition,Grammar & Connectors
658,orange,orange,,orange,,orange,adjective,Adjectives
659,rich,reich,,riche,,rich,adjective,Adjectives
660,right,richtig,,correct,,right,adjective,Adjectives
661,pink,rosa,,rose,,pink,adjective,Adjectives
662,red,rot,,rouge,,red,adjective,Adjectives
663,narrow,schmal,,étroit,,narrow,adjective,Adjectives
664,fast,schnell,,vite,,fast,adverb,Adjectives
665,quick,schnell,,rapide,,quick,adjective,Adjectives
666,already,schon,,déjà,,already,adverb,Grammar & Connectors
667,weak,schwach,,faible,,weak,adjective,Adjectives
668,black,schwarz,,noir,,black,adjective,Adjectives
669,heavy,schwer,,lourd,,heavy,adjective,Adjectives
670,beautiful,schön,,beau,,beautiful,adjective,Adjectives
671,six,sechs,,six,,six,numeral,Numbers
672,sixteen,sechzehn,,seize,,sixteen,numeral,Numbers
673,sixty,sechzig,,soixante,,sixty,numeral,Numbers
674,very,sehr,,très,,very,adverb,Grammar & Connectors
675,his,sein,,son,,his,pronoun,Grammar & Connectors
676,safe,sicher,,sûr,,safe,adjective,Adjectives
677,she,sie,,elle,,she,pronoun,Grammar & Connectors
678,seven,sieben,,sept,,seven,numeral,Numbers
679,seventeen,siebzehn,,dix-sept,,seventeen,numeral,Numbers
680,seventy,siebzig,,soixante-dix,,seventy,numeral,Numbers
681,silver,silbern,,argenté,,silver,adjective,Adjectives
682,so,so,,donc,,so,conjunction,Grammar & Connectors
683,late,spät,,en retard,,late,adjective,Time
684,strong,stark,,fort,,strong,adjective,Adjectives
685,thousand,tausend,,mille,,thousand,numeral,Numbers
686,dead,tot,,mort,,dead,adjective,Adjectives
687,dry,trocken,,sec,,dry,adjective,Adjectives
688,turquoise,türkis,,turquoise,,turquoise,adjective,Adjectives
689,and,und,,et,,and,conjunction,Grammar & Connectors
690,us,uns,,nous,,us,pronoun,Grammar & Connectors
691,our,unser,,notre,,our,pronoun,Grammar & Connectors
692,under,unter,,sous,,under,preposition,Grammar & Connectors
693,four,vier,,quatre,,four,numeral,Numbers
694,fourteen,vierzehn,,quatorze,,fourteen,numeral,Numbers
695,forty,vierzig,,quarante,,forty,numeral,Numbers
696,full,voll,,plein,,full,adjective,Adjectives
697,from,von,,de,,from,preposition,Grammar & Connectors
698,before,vor,,avant,,before,preposition,Grammar & Connectors
699,warm,warm,,chaud,,warm,adjective,Adjectives
700,soft,weich,,doux,,soft,adjective,Adjectives
701,because,weil,,parce que,,because,conjunction,Grammar & Connectors
702,white,weiss,,blanc,,white,adjective,Adjectives
703,less,weniger,,moins,,less,adverb,Grammar & Connectors
704,if,wenn,,si,,if,conjunction,Grammar & Connectors
705,important,wichtig,,important,,important,adjective,Adjectives
706,again,wieder,,encore,,again,adverb,Time
707,we,wir,,nous,,we,pronoun,Grammar & Connectors
708,during,während,,pendant,,during,preposition,Grammar & Connectors
709,while,während,,pendant que,,while,conjunction,Grammar & Connectors
710,angry,wütend,,en colère,,angry,adjective,Adjectives
711,ten,zehn,,dix,,ten,numeral,Numbers
712,to,zu,,à,,to,preposition,Grammar & Connectors
713,twenty,zwanzig,,vingt,,twenty,numeral,Numbers
714,two,zwei,,deux,,two,numeral,Numbers
715,between,zwischen,,entre,,between,preposition,Grammar & Connectors
716,twelve,zwölf,,douze,,twelve,numeral,Numbers
717,over,über,,au-dessus de,,over,preposition,Grammar & Connectors
718,everywhere,überall,,partout,,everywhere,adverb,Grammar & Connectors
